-- phpMyAdmin SQL Dump
-- version 3.4.5
-- http://www.phpmyadmin.net
--
-- Хост: localhost
-- Время создания: Ноя 10 2012 г., 21:14
-- Версия сервера: 5.5.16
-- Версия PHP: 5.3.8

SET SQL_MODE="NO_AUTO_VALUE_ON_ZERO";
SET time_zone = "+00:00";


/*!40101 SET @OLD_CHARACTER_SET_CLIENT=@@CHARACTER_SET_CLIENT */;
/*!40101 SET @OLD_CHARACTER_SET_RESULTS=@@CHARACTER_SET_RESULTS */;
/*!40101 SET @OLD_COLLATION_CONNECTION=@@COLLATION_CONNECTION */;
/*!40101 SET NAMES utf8 */;

--
-- База данных: `topofficial`
--

-- --------------------------------------------------------

--
-- Структура таблицы `city`
--

CREATE TABLE IF NOT EXISTS `city` (
  `CityID` int(11) NOT NULL AUTO_INCREMENT,
  `Name` varchar(255) NOT NULL,
  `RegionID` varchar(45) NOT NULL,
  PRIMARY KEY (`CityID`)
) ENGINE=InnoDB  DEFAULT CHARSET=utf8 AUTO_INCREMENT=445 ;

--
-- Дамп данных таблицы `city`
--

INSERT INTO `city` (`CityID`, `Name`, `RegionID`) VALUES
(1, 'Бар', '59'),
(2, 'Бершадь', '59'),
(3, 'Вінниця', '59'),
(4, 'Гайсин', '59'),
(5, 'Гнівань', '59'),
(6, 'Жмеринка', '59'),
(7, 'Іллінці', '59'),
(8, 'Калинівка', '59'),
(9, 'Козятин', '59'),
(10, 'Ладижин', '59'),
(11, 'Липовець', '59'),
(12, 'Могилів-Подільський', '59'),
(13, 'Немирів', '59'),
(14, 'Погребище', '59'),
(15, 'Тульчин', '59'),
(16, 'Хмільник', '59'),
(17, 'Шаргород', '59'),
(18, 'Ямпіль', '59'),
(19, 'Берестечко', '60'),
(20, 'Володимир-Волинський', '60'),
(21, 'Горохів', '60'),
(22, 'Камінь-Каширський', '60'),
(23, 'Ківерці', '60'),
(24, 'Ковель', '60'),
(25, 'Луцьк', '60'),
(26, 'Любомль', '60'),
(27, 'Нововолинськ', '60'),
(28, 'Рожище', '60'),
(29, 'Устилуг', '60'),
(30, 'Апостолове', '61'),
(31, 'Верхівцеве', '61'),
(32, 'Верхньодніпровськ', '61'),
(33, 'Вільногірськ', '61'),
(34, 'Дніпродзержинськ', '61'),
(35, 'Дніпропетровськ', '61'),
(36, 'Жовті Води', '61'),
(37, 'Зеленодольськ', '61'),
(38, 'Інгулець', '61'),
(39, 'Кривий Ріг', '61'),
(40, 'Марганець', '61'),
(41, 'Нікополь', '61'),
(42, 'Новомосковськ', '61'),
(43, 'Орджонікідзе', '61'),
(44, 'П''ятихатки', '61'),
(45, 'Павлоград', '61'),
(46, 'Перещепине', '61'),
(47, 'Першотравенськ', '61'),
(48, 'Підгородне', '61'),
(49, 'Синельникове', '61'),
(50, 'Тернівка', '61'),
(51, 'Білозерське', '62'),
(52, 'Волноваха', '62'),
(53, 'Вуглегірськ', '62'),
(54, 'Вугледар', '62'),
(55, 'Гірник', '62'),
(56, 'Горлівка', '62'),
(57, 'Дебальцеве', '62'),
(58, 'Дзержинськ', '62'),
(59, 'Димитров', '62'),
(60, 'Добропілля', '62'),
(61, 'Докучаєвськ', '62'),
(62, 'Донецьк', '62'),
(63, 'Дружківка', '62'),
(64, 'Єнакієве', '62'),
(65, 'Жданівка', '62'),
(66, 'Зугрес', '62'),
(67, 'Іловайськ', '62'),
(68, 'Кіровське', '62'),
(69, 'Комсомольське', '62'),
(70, 'Костянтинівка', '62'),
(71, 'Краматорськ', '62'),
(72, 'Красний Лиман', '62'),
(73, 'Красноармійськ', '62'),
(74, 'Красногорівка', '62'),
(75, 'Курахове', '62'),
(76, 'Макіївка', '62'),
(77, 'Мар''їнка', '62'),
(78, 'Маріуполь', '62'),
(79, 'Моспине', '62'),
(80, 'Новоазовськ', '62'),
(81, 'Новогродівка', '62'),
(82, 'Родинське', '62'),
(83, 'Світлодарськ', '62'),
(84, 'Селидове', '62'),
(85, 'Сіверськ', '62'),
(86, 'Слов''янськ', '62'),
(87, 'Сніжне', '62'),
(88, 'Соледар', '62'),
(89, 'Торез', '62'),
(90, 'Українськ', '62'),
(91, 'Харцизьк', '62'),
(92, 'Часів Яр', '62'),
(93, 'Шахтарськ', '62'),
(94, 'Юнокомунарівськ', '62'),
(95, 'Ясинувата', '62'),
(96, 'Андрушівка', '63'),
(97, 'Баранівка', '63'),
(98, 'Бердичів', '63'),
(99, 'Житомир', '63'),
(100, 'Коростень', '63'),
(101, 'Коростишів', '63'),
(102, 'Малин', '63'),
(103, 'Новоград-Волинський', '63'),
(104, 'Овруч', '63'),
(105, 'Радомишль', '63'),
(106, 'Берегове', '64'),
(107, 'Виноградів', '64'),
(108, 'Іршава', '64'),
(109, 'Мукачеве', '64'),
(110, 'Рахів', '64'),
(111, 'Свалява', '64'),
(112, 'Тячів', '64'),
(113, 'Ужгород', '64'),
(114, 'Хуст', '64'),
(115, 'Чоп', '64'),
(116, 'Бердянськ', '65'),
(117, 'Василівка', '65'),
(118, 'Вільнянськ', '65'),
(119, 'Гуляйполе', '65'),
(120, 'Дніпрорудне', '65'),
(121, 'Енергодар', '65'),
(122, 'Запоріжжя', '65'),
(123, 'Кам''янка-Дніпровська', '65'),
(124, 'Мелітополь', '65'),
(125, 'Молочанськ', '65'),
(126, 'Оріхів', '65'),
(127, 'Пологи', '65'),
(128, 'Приморськ', '65'),
(129, 'Токмак', '65'),
(130, 'Болехів', '66'),
(131, 'Бурштин', '66'),
(132, 'Галич', '66'),
(133, 'Городенка', '66'),
(134, 'Долина', '66'),
(135, 'Івано-Франківськ', '66'),
(136, 'Калуш', '66'),
(137, 'Коломия', '66'),
(138, 'Косів', '66'),
(139, 'Надвірна', '66'),
(140, 'Рогатин', '66'),
(141, 'Снятин', '66'),
(142, 'Тисмениця', '66'),
(143, 'Тлумач', '66'),
(144, 'Яремча', '66'),
(145, 'Березань', '67'),
(146, 'Біла Церква', '67'),
(147, 'Богуслав', '67'),
(148, 'Бориспіль', '67'),
(149, 'Боярка', '67'),
(150, 'Бровари', '67'),
(151, 'Васильків', '67'),
(152, 'Вишгород', '67'),
(153, 'Вишневе', '67'),
(154, 'Ірпінь', '67'),
(155, 'Кагарлик', '67'),
(156, 'Миронівка', '67'),
(157, 'Обухів', '67'),
(158, 'Переяслав-Хмельницький', '67'),
(159, 'Прип''ять', '67'),
(160, 'Ржищів', '67'),
(161, 'Сквира', '67'),
(162, 'Славутич', '67'),
(163, 'Тараща', '67'),
(164, 'Тетіїв', '67'),
(165, 'Узин', '67'),
(166, 'Українка', '67'),
(167, 'Фастів', '67'),
(168, 'Чорнобиль', '67'),
(169, 'Яготин', '67'),
(170, 'Бобринець', '68'),
(171, 'Гайворон', '68'),
(172, 'Долинська', '68'),
(173, 'Знам''янка', '68'),
(174, 'Кіровоград', '68'),
(175, 'Мала Виска', '68'),
(176, 'Новомиргород', '68'),
(177, 'Новоукраїнка', '68'),
(178, 'Олександрія', '68'),
(179, 'Помічна', '68'),
(180, 'Світловодськ', '68'),
(181, 'Ульяновка', '68'),
(182, 'Алмазна', '69'),
(183, 'Алчевськ', '69'),
(184, 'Антрацит', '69'),
(185, 'Артемівськ', '69'),
(186, 'Брянка', '69'),
(187, 'Вахрушеве', '69'),
(188, 'Гірське', '69'),
(189, 'Зимогір''я', '69'),
(190, 'Золоте', '69'),
(191, 'Зоринськ', '69'),
(192, 'Ірміно', '69'),
(193, 'Кіровськ', '69'),
(194, 'Красний Луч', '69'),
(195, 'Краснодон', '69'),
(196, 'Кремінна', '69'),
(197, 'Лисичанськ', '69'),
(198, 'Луганськ', '69'),
(199, 'Лутугине', '69'),
(200, 'Міусинськ', '69'),
(201, 'Молодогвардійськ', '69'),
(202, 'Новодружеськ', '69'),
(203, 'Олександрівськ', '69'),
(204, 'Первомайськ', '69'),
(205, 'Перевальськ', '69'),
(206, 'Петровське', '69'),
(207, 'Попасна', '69'),
(208, 'Привілля', '69'),
(209, 'Ровеньки', '69'),
(210, 'Рубіжне', '69'),
(211, 'Сватове', '69'),
(212, 'Свердловськ', '69'),
(213, 'Сєверодонецьк', '69'),
(214, 'Старобільськ', '69'),
(215, 'Стаханов', '69'),
(216, 'Суходільськ', '69'),
(217, 'Червонопартизанськ', '69'),
(218, 'Щастя', '69'),
(219, 'Белз', '70'),
(220, 'Бібрка', '70'),
(221, 'Борислав', '70'),
(222, 'Броди', '70'),
(223, 'Буськ', '70'),
(224, 'Великі Мости', '70'),
(225, 'Винники', '70'),
(226, 'Глиняни', '70'),
(227, 'Городок', '70'),
(228, 'Добромиль', '70'),
(229, 'Дрогобич', '70'),
(230, 'Дубляни', '70'),
(231, 'Жидачів', '70'),
(232, 'Жовква', '70'),
(233, 'Золочів', '70'),
(234, 'Кам''янка-Бузька', '70'),
(235, 'Комарно', '70'),
(236, 'Львів', '70'),
(237, 'Миколаїв', '70'),
(238, 'Моршин', '70'),
(239, 'Мостиська', '70'),
(240, 'Новий Розділ', '70'),
(241, 'Новояворівське', '70'),
(242, 'Перемишляни', '70'),
(243, 'Пустомити', '70'),
(244, 'Рава-Руська', '70'),
(245, 'Радехів', '70'),
(246, 'Рудки', '70'),
(247, 'Самбір', '70'),
(248, 'Сколе', '70'),
(249, 'Сокаль', '70'),
(250, 'Соснівка', '70'),
(251, 'Старий Самбір', '70'),
(252, 'Стебник', '70'),
(253, 'Стрий', '70'),
(254, 'Судова Вишня', '70'),
(255, 'Трускавець', '70'),
(256, 'Турка', '70'),
(257, 'Угнів', '70'),
(258, 'Хирів', '70'),
(259, 'Ходорів', '70'),
(260, 'Червоноград', '70'),
(261, 'Яворів', '70'),
(262, 'Баштанка', '71'),
(263, 'Вознесенськ', '71'),
(264, 'Миколаїв', '71'),
(265, 'Нова Одеса', '71'),
(266, 'Новий Буг', '71'),
(267, 'Очаків', '71'),
(268, 'Первомайськ', '71'),
(269, 'Снігурівка', '71'),
(270, 'Южноукраїнськ', '71'),
(271, 'Ананьїв', '72'),
(272, 'Арциз', '72'),
(273, 'Балта', '72'),
(274, 'Березівка', '72'),
(275, 'Білгород-Дністровський', '72'),
(276, 'Біляївка', '72'),
(277, 'Болград', '72'),
(278, 'Вилкове', '72'),
(279, 'Ізмаїл', '72'),
(280, 'Іллічівськ', '72'),
(281, 'Кілія', '72'),
(282, 'Кодима', '72'),
(283, 'Котовськ', '72'),
(284, 'Одеса', '72'),
(285, 'Рені', '72'),
(286, 'Роздільна', '72'),
(287, 'Татарбунари', '72'),
(288, 'Теплодар', '72'),
(289, 'Южне', '72'),
(290, 'Гадяч', '73'),
(291, 'Глобине', '73'),
(292, 'Гребінка', '73'),
(293, 'Зіньків', '73'),
(294, 'Карлівка', '73'),
(295, 'Кобеляки', '73'),
(296, 'Комсомольськ', '73'),
(297, 'Кременчук', '73'),
(298, 'Лохвиця', '73'),
(299, 'Лубни', '73'),
(300, 'Миргород', '73'),
(301, 'Пирятин', '73'),
(302, 'Полтава', '73'),
(303, 'Хорол', '73'),
(304, 'Червонозаводське', '73'),
(305, 'Березне', '74'),
(306, 'Дубно', '74'),
(307, 'Дубровиця', '74'),
(308, 'Здолбунів', '74'),
(309, 'Корець', '74'),
(310, 'Костопіль', '74'),
(311, 'Кузнецовськ', '74'),
(312, 'Острог', '74'),
(313, 'Радивилів', '74'),
(314, 'Рівне', '74'),
(315, 'Сарни', '74'),
(316, 'Білопілля', '75'),
(317, 'Буринь', '75'),
(318, 'Ворожба', '75'),
(319, 'Глухів', '75'),
(320, 'Дружба', '75'),
(321, 'Конотоп', '75'),
(322, 'Кролевець', '75'),
(323, 'Лебедин', '75'),
(324, 'Охтирка', '75'),
(325, 'Путивль', '75'),
(326, 'Ромни', '75'),
(327, 'Середина-Буда', '75'),
(328, 'Суми', '75'),
(329, 'Тростянець', '75'),
(330, 'Шостка', '75'),
(331, 'Бережани', '76'),
(332, 'Борщів', '76'),
(333, 'Бучач', '76'),
(334, 'Заліщики', '76'),
(335, 'Збараж', '76'),
(336, 'Зборів', '76'),
(337, 'Копичинці', '76'),
(338, 'Кременець', '76'),
(339, 'Ланівці', '76'),
(340, 'Монастириська', '76'),
(341, 'Підгайці', '76'),
(342, 'Почаїв', '76'),
(343, 'Скалат', '76'),
(344, 'Теребовля', '76'),
(345, 'Тернопіль', '76'),
(346, 'Хоростків', '76'),
(347, 'Чортків', '76'),
(348, 'Шумськ', '76'),
(349, 'Балаклія', '77'),
(350, 'Барвінкове', '77'),
(351, 'Богодухів', '77'),
(352, 'Валки', '77'),
(353, 'Вовчанськ', '77'),
(354, 'Дергачі', '77'),
(355, 'Зміїв', '77'),
(356, 'Ізюм', '77'),
(357, 'Красноград', '77'),
(358, 'Куп''янськ', '77'),
(359, 'Лозова', '77'),
(360, 'Люботин', '77'),
(361, 'Мерефа', '77'),
(362, 'Первомайський', '77'),
(363, 'Південне', '77'),
(364, 'Харків', '77'),
(365, 'Чугуїв', '77'),
(366, 'Берислав', '78'),
(367, 'Генічеськ', '78'),
(368, 'Гола Пристань', '78'),
(369, 'Каховка', '78'),
(370, 'Нова Каховка', '78'),
(371, 'Скадовськ', '78'),
(372, 'Таврійськ', '78'),
(373, 'Херсон', '78'),
(374, 'Цюрупинськ', '78'),
(375, 'Волочиськ', '79'),
(376, 'Городок', '79'),
(377, 'Деражня', '79'),
(378, 'Дунаївці', '79'),
(379, 'Ізяслав', '79'),
(380, 'Кам''янець-Подільський', '79'),
(381, 'Красилів', '79'),
(382, 'Нетішин', '79'),
(383, 'Полонне', '79'),
(384, 'Славута', '79'),
(385, 'Старокостянтинів', '79'),
(386, 'Хмельницький', '79'),
(387, 'Шепетівка', '79'),
(388, 'Ватутіне', '80'),
(389, 'Городище', '80'),
(390, 'Жашків', '80'),
(391, 'Звенигородка', '80'),
(392, 'Золотоноша', '80'),
(393, 'Кам''янка', '80'),
(394, 'Канів', '80'),
(395, 'Корсунь-Шевченківський', '80'),
(396, 'Монастирище', '80'),
(397, 'Сміла', '80'),
(398, 'Тальне', '80'),
(399, 'Умань', '80'),
(400, 'Христинівка', '80'),
(401, 'Черкаси', '80'),
(402, 'Чигирин', '80'),
(403, 'Шпола', '80'),
(404, 'Вашківці', '81'),
(405, 'Вижниця', '81'),
(406, 'Герца', '81'),
(407, 'Заставна', '81'),
(408, 'Кіцмань', '81'),
(409, 'Новодністровськ', '81'),
(410, 'Новоселиця', '81'),
(411, 'Сокиряни', '81'),
(412, 'Сторожинець', '81'),
(413, 'Хотин', '81'),
(414, 'Чернівці', '81'),
(415, 'Бахмач', '82'),
(416, 'Бобровиця', '82'),
(417, 'Борзна', '82'),
(418, 'Городня', '82'),
(419, 'Ічня', '82'),
(420, 'Корюківка', '82'),
(421, 'Мена', '82'),
(422, 'Ніжин', '82'),
(423, 'Новгород-Сіверський', '82'),
(424, 'Носівка', '82'),
(425, 'Остер', '82'),
(426, 'Прилуки', '82'),
(427, 'Семенівка', '82'),
(428, 'Чернігів', '82'),
(429, 'Щорс', '82'),
(430, 'Алупка', '83'),
(431, 'Алушта', '83'),
(432, 'Армянськ', '83'),
(433, 'Бахчисарай', '83'),
(434, 'Білогірськ', '83'),
(435, 'Джанкой', '83'),
(436, 'Євпаторія', '83'),
(437, 'Керч', '83'),
(438, 'Красноперекопськ', '83'),
(439, 'Саки', '83'),
(440, 'Сімферополь', '83'),
(441, 'Старий Крим', '83'),
(442, 'Судак', '83'),
(443, 'Феодосія', '83'),
(444, 'Щолкіне', '83');

-- --------------------------------------------------------

--
-- Структура таблицы `criteriatype`
--

CREATE TABLE IF NOT EXISTS `criteriatype` (
  `CriteriaTypeID` int(11) NOT NULL AUTO_INCREMENT,
  `Name` varchar(255) NOT NULL,
  `IsPositive` int(11) DEFAULT '1',
  `IconFileName` varchar(45) DEFAULT NULL,
  PRIMARY KEY (`CriteriaTypeID`),
  UNIQUE KEY `Name_UNIQUE` (`Name`)
) ENGINE=InnoDB  DEFAULT CHARSET=utf8 AUTO_INCREMENT=7 ;

--
-- Дамп данных таблицы `criteriatype`
--

INSERT INTO `criteriatype` (`CriteriaTypeID`, `Name`, `IsPositive`, `IconFileName`) VALUES
(1, 'Знання свого діла', 1, NULL),
(2, 'Ефективність роботи', 1, NULL),
(3, 'Відношення до людей', 1, NULL),
(4, 'Доступність', 1, NULL),
(5, 'Корумпованість', 0, NULL),
(6, 'Відповідальність', 1, NULL);

-- --------------------------------------------------------

--
-- Структура таблицы `declaration`
--

CREATE TABLE IF NOT EXISTS `declaration` (
  `DeclarationID` int(11) NOT NULL AUTO_INCREMENT,
  `FileName` varchar(255) NOT NULL,
  `OfficialID` int(11) NOT NULL,
  PRIMARY KEY (`DeclarationID`),
  KEY `FK_Declaration_Official_idx` (`OfficialID`)
) ENGINE=InnoDB DEFAULT CHARSET=utf8 AUTO_INCREMENT=1 ;

-- --------------------------------------------------------

--
-- Структура таблицы `district`
--

CREATE TABLE IF NOT EXISTS `district` (
  `DistrictID` int(11) NOT NULL AUTO_INCREMENT,
  `Name` varchar(45) NOT NULL,
  `CityID` int(45) NOT NULL,
  PRIMARY KEY (`DistrictID`)
) ENGINE=InnoDB DEFAULT CHARSET=utf8 AUTO_INCREMENT=1 ;

-- --------------------------------------------------------

--
-- Структура таблицы `estimate`
--

CREATE TABLE IF NOT EXISTS `estimate` (
  `EstimateID` int(11) NOT NULL AUTO_INCREMENT,
  `Value` int(11) NOT NULL,
  `CriteriaTypeID` int(11) NOT NULL,
  `ReviewID` int(11) NOT NULL,
  PRIMARY KEY (`EstimateID`),
  KEY `FK_Estimate_CriteriaType_idx` (`CriteriaTypeID`)
) ENGINE=InnoDB  DEFAULT CHARSET=utf8 AUTO_INCREMENT=4 ;

--
-- Дамп данных таблицы `estimate`
--

INSERT INTO `estimate` (`EstimateID`, `Value`, `CriteriaTypeID`, `ReviewID`) VALUES
(1, 5, 1, 1),
(2, 7, 1, 1),
(3, 9, 5, 1);

-- --------------------------------------------------------

--
-- Структура таблицы `official`
--

CREATE TABLE IF NOT EXISTS `official` (
  `OfficialID` int(11) NOT NULL AUTO_INCREMENT,
  `FirstName` varchar(45) NOT NULL,
  `LastName` varchar(45) NOT NULL,
  `MiddleName` varchar(45) NOT NULL,
  `ImageFileName` varchar(45) DEFAULT NULL,
  `Post` varchar(255) DEFAULT NULL,
  `Description` text,
  `Departament` varchar(255) DEFAULT NULL,
  `CityID` int(11) NOT NULL,
  `RegionID` int(11) DEFAULT NULL,
  `DistrictID` int(11) DEFAULT NULL,
  PRIMARY KEY (`OfficialID`),
  UNIQUE KEY `OfficialID_UNIQUE` (`OfficialID`),
  KEY `FK_Official_City_idx` (`CityID`),
  KEY `FK_Official_Region_idx` (`RegionID`)
) ENGINE=InnoDB  DEFAULT CHARSET=utf8 AUTO_INCREMENT=2 ;

-- --------------------------------------------------------

--
-- Структура таблицы `region`
--

CREATE TABLE IF NOT EXISTS `region` (
  `RegionID` int(11) NOT NULL AUTO_INCREMENT,
  `Name` varchar(45) NOT NULL,
  PRIMARY KEY (`RegionID`)
) ENGINE=InnoDB  DEFAULT CHARSET=utf8 AUTO_INCREMENT=84 ;

--
-- Дамп данных таблицы `region`
--

INSERT INTO `region` (`RegionID`, `Name`) VALUES
(59, 'Вінницька область'),
(60, 'Волинська область'),
(61, 'Дніпропетровська область'),
(62, 'Донецька область'),
(63, 'Житомирська область'),
(64, 'Закарпатська область'),
(65, 'Запорізька область'),
(66, 'Івано-Франківська область'),
(67, 'Київська область'),
(68, 'Кіровоградська область'),
(69, 'Луганська область'),
(70, 'Львівська область'),
(71, 'Миколаївська область'),
(72, 'Одеська область'),
(73, 'Полтавська область'),
(74, 'Рівненська область'),
(75, 'Сумська область'),
(76, 'Тернопільська область'),
(77, 'Харківська область'),
(78, 'Херсонська область'),
(79, 'Хмельницька область'),
(80, 'Черкаська область'),
(81, 'Чернівецька область'),
(82, 'Чернігівська область'),
(83, 'Автономна Республіка Крим');

-- --------------------------------------------------------

--
-- Структура таблицы `review`
--

CREATE TABLE IF NOT EXISTS `review` (
  `ReviewID` int(11) NOT NULL AUTO_INCREMENT,
  `IpAddress` varchar(45) NOT NULL,
  `Timestamp` datetime NOT NULL,
  `OfficialID` int(11) NOT NULL,
  `AuthorName` varchar(45) DEFAULT NULL,
  `AuthorEmail` varchar(45) DEFAULT NULL,
  `Text` text NOT NULL,
  PRIMARY KEY (`ReviewID`)
) ENGINE=InnoDB  DEFAULT CHARSET=utf8 AUTO_INCREMENT=2 ;

--
-- Дамп данных таблицы `review`
--

INSERT INTO `review` (`ReviewID`, `IpAddress`, `Timestamp`, `OfficialID`, `AuthorName`, `AuthorEmail`, `Text`) VALUES
(1, '127.0.0.1', '2012-11-10 00:00:00', 1, 'Ivan', 'Ivan', 'Review');

--
-- Ограничения внешнего ключа сохраненных таблиц
--

--
-- Ограничения внешнего ключа таблицы `declaration`
--
ALTER TABLE `declaration`
  ADD CONSTRAINT `FK_Declaration_Official` FOREIGN KEY (`OfficialID`) REFERENCES `official` (`OfficialID`) ON DELETE CASCADE;

--
-- Ограничения внешнего ключа таблицы `estimate`
--
ALTER TABLE `estimate`
  ADD CONSTRAINT `FK_Estimate_CriteriaType` FOREIGN KEY (`CriteriaTypeID`) REFERENCES `criteriatype` (`CriteriaTypeID`) ON DELETE CASCADE;

--
-- Ограничения внешнего ключа таблицы `official`
--
ALTER TABLE `official`
  ADD CONSTRAINT `FK_Official_City` FOREIGN KEY (`CityID`) REFERENCES `city` (`CityID`) ON DELETE CASCADE,
  ADD CONSTRAINT `FK_Official_Region` FOREIGN KEY (`RegionID`) REFERENCES `region` (`RegionID`) ON DELETE CASCADE;

/*!40101 SET CHARACTER_SET_CLIENT=@OLD_CHARACTER_SET_CLIENT */;
/*!40101 SET CHARACTER_SET_RESULTS=@OLD_CHARACTER_SET_RESULTS */;
/*!40101 SET COLLATION_CONNECTION=@OLD_COLLATION_CONNECTION */;
